model_name,threshold,roc_auc,pr_auc,precision,recall,f1,brier_score,tn,fp,fn,tp
logistic_regression,0.3,0.8363029269678885,0.6424125859254984,0.41995073891625617,0.9117647058823529,0.5750421585160203,0.16798231981739584,564,471,33,341
logistic_regression,0.35,0.8363029269678885,0.6424125859254984,0.4319371727748691,0.8823529411764706,0.5799648506151143,0.16798231981739584,601,434,44,330
logistic_regression,0.4,0.8363029269678885,0.6424125859254984,0.4596541786743516,0.8529411764705882,0.5973782771535581,0.16798231981739584,660,375,55,319
logistic_regression,0.45,0.8363029269678885,0.6424125859254984,0.492776886035313,0.820855614973262,0.6158475426278837,0.16798231981739584,719,316,67,307
logistic_regression,0.5,0.8363029269678885,0.6424125859254984,0.5157342657342657,0.7887700534759359,0.6236786469344608,0.16798231981739584,758,277,79,295
logistic_regression,0.55,0.8363029269678885,0.6424125859254984,0.5375722543352601,0.7459893048128342,0.6248600223964166,0.16798231981739584,795,240,95,279
logistic_regression,0.6,0.8363029269678885,0.6424125859254984,0.5643776824034334,0.7032085561497327,0.6261904761904762,0.16798231981739584,832,203,111,263
logistic_regression,0.65,0.8363029269678885,0.6424125859254984,0.5965346534653465,0.6443850267379679,0.6195372750642674,0.16798231981739584,872,163,133,241
