threshold,targeted_customers,target_rate,actual_churners_targeted,expected_saved_value_usd,total_action_cost_usd,net_expected_value_usd
0.3,812,0.5762952448545068,341,72537.8699979384,42160.0,30377.86999793839
0.35,764,0.5422285308729595,330,72537.8699979384,42160.0,30377.86999793839
0.4,694,0.49254790631653655,319,72537.8699979384,42160.0,30377.86999793839
0.45,623,0.44215755855216465,307,69663.53817088883,40740.0,28923.53817088883
0.5,572,0.40596167494677077,295,67239.14419565344,39720.0,27519.144195653447
0.55,519,0.3683463449254791,279,64453.896649872266,38660.0,25793.896649872266
0.6,466,0.3307310149041874,263,61795.27690268248,37600.0,24195.276902682483
0.65,404,0.2867281760113556,241,58342.12087229547,36360.0,21982.12087229547
